block_id,deadline
4374_20G,240614
4374_20H,240614
4374_20J,240615
4374_20K,240616
4374_20N,240617
4385_20H,240615
4374_643_000,240610
4375_20Y,240708
4375_646_000,240627
4375_656_000,240627
4375_643_000,240627
4375_653_000,240627
4375_642_000,240627
4375_652_000,240627
4375_20G,240710
4375_20H,240710
4375_20J,240710
4375_20K,240711
4387_20H,240723
4375_20L,240724
4375_20N,240724
2534_227_000,240718
2534_237_000,240718
2534_212_000,240729
2534_241_000,240729
2534_251_000,240729
2534_281_000,240730
2534_291_000,240730
2534_282_000,240730
2534_292_000,240730
4376_20Y,240902
4376_643_000,240821
4376_653_000,240821
4376_642_000,240821
4376_652_000,240821
4376_20G,240904
4376_20H,240904
4376_20J,240904
4376_20K,240905
4376_20L,240905
4376_20N,240906
4377_20Y,241007
4377_20G,241009
4377_20H,241009
4377_20L,241010
4377_20N,241011
4377_20P,241012
3307_20A,241105
3307_25A,241106
2563_221_000,241122
2563_231_000,241122
2563_222_000,241122
2563_232_000,241122
2567_21D,241120
2567_22D,241120
2535_21D,241121
2535_22D,241121
2535_40D,241124
2563_223_000,241122
2563_233_000,241122
2563_225_000,241125
2563_235_000,241125
2563_229_000,241127
2563_239_000,241127
4388_20Y,241223
4388_20H,241224
2543_21D,250123
2543_22D,250123
2563_21D,250106
2563_22D,250106
2564_21D,250103
2564_22D,250103
2564_40D,250104
4389_20Y,250127
4389_20H,250129
4390_20Y,250217
4390_20H,250218
4391_20Y,250317
4391_20H,250318
2570_20Y,250331
4392_20Y,250421
20H4392_,250423
4393_20Y,250505
4393_20H,250506
2551_20Y,250512
2571_20Y,250623
4374_20L,240615
4387_20D,240625
4387_20E,240721
2534_229_000,240718
2534_239_000,240718
2534_66B,240907
2534_67B,240907
4385_20F,240613
4385_20G,240614
4375_287_000,240701
4375_297_000,240701
4375_667_000,240705
4375_677_000,240705
2534_202_000,240712
2534_221_000,240712
2534_231_000,240712
2534_222_000,240712
2534_232_000,240712
4387_20F,240722
4387_20G,240722
4377_666_000,240822
4377_676_000,240822
4376_125_000,240824
4376_135_000,240824
4376_687_000,240816
4376_697_000,240816
4376_647_000,240820
4376_657_000,240820
4376_163_000,240827
4376_173_000,240827
4377_246_000,240903
4377_256_000,240903
4377_286_000,240905
4377_296_000,240905
4377_266_000,240904
4377_276_000,240904
3307_11B,241007
3307_12B,241007
3307_13B,241007
4377_163_000,241007
4377_173_000,241007
4377_20K,241010
4388_162_000,241209
4388_172_000,241209
4389_643_000,241203
4389_653_000,241203
4389_126_000,241206
4389_136_000,241206
4390_663_000,241218
4390_673_000,241218
4388_20F,241223
4388_20G,241224
4389_20F,250127
4389_20G,250128
4390_20F,250217
4390_20G,250218
4391_628_000,250306
4391_638_000,250306
4392_644_000,250221
4392_654_000,250221
4391_20F,250317
4391_20G,250318
4393_628_000,250424
4393_638_000,250424
4393_629_000,250424
4393_639_000,250424
4392_20K,250424
4392_20L,250425
4392_20F,250421
4392_20G,250422
4393_20F,250505
4393_20G,250506
4374_162_000,240626
4374_172_000,240626
4375_685_000,240612
4375_695_000,240612
4375_665_000,240611
4375_675_000,240611
4386_629_000,240619
4386_639_000,240619
4386_628_000,240618
4386_638_000,240618
4385_629_000,240701
4385_639_000,240701
4375_285_000,240629
4375_295_000,240629
4374_148_000,240708
4374_158_000,240708
4387_242_000,240703
4387_252_000,240703
4387_682_000,240711
4387_692_000,240711
4387_283_000,240708
4387_293_000,240708
4387_683_000,240708
4387_693_000,240708
4375_162_000,240719
4375_172_000,240719
4387_664_000,240712
4387_674_000,240712
4387_644_000,240715
4387_654_000,240715
4376_686_000,240716
4376_696_000,240716
4376_666_000,240717
4376_676_000,240717
4375_148_000,240814
4375_158_000,240814
4387_628_000,240729
4387_638_000,240729
4387_629_000,240730
4387_639_000,240730
4376_287_000,240824
4376_297_000,240824
4376_162_000,240824
4376_172_000,240824
4376_667_000,240819
4376_677_000,240819
4377_686_000,240821
4377_696_000,240821
2534_40B,240827
2534_40C,240829
2550_223_000,240911
2550_233_000,240911
4376_20P,240906
4377_646_000,240905
4377_656_000,240905
2550_234_000,240905
2550_235_000,240905
3307_81D,240930
3307_82D,240930
3307_83D,240930
4377_166_000,240914
4377_176_000,240914
4377_642_000,240920
4377_652_000,240920
4377_643_000,240920
4377_653_000,240920
4377_667_000,240924
4377_677_000,240924
4377_647_000,240925
4377_657_000,240925
4377_125_000,241002
4377_135_000,241002
4377_687_000,240923
4377_697_000,240923
2567_223_000,241015
2567_233_000,241015
2567_224_000,241017
2567_234_000,241017
2567_225_000,241017
2567_235_000,241017
2567_228_000,241019
2567_238_000,241019
4377_148_000,241019
4377_158_000,241026
4388_663_000,241101
4388_673_000,241101
4388_126_000,241101
4388_136_000,241101
4388_283_000,241119
4388_293_000,241119
4389_283_000,241119
4389_293_000,241119
4388_664_000,241128
4388_674_000,241128
4388_683_000,241120
4388_693_000,241120
4389_664_000,241127
4389_674_000,241127
4389_663_000,241202
4389_673_000,241202
4389_683_000,241120
4389_693_000,241120
4388_20K,241225
4388_20L,241225
4389_162_000,250115
4389_172_000,250115
4391_643_000,250117
4391_653_000,250117
4391_663_000,250116
4391_673_000,250116
4391_126_000,250122
4391_136_000,250122
4389_149_000,250215
4389_159_000,250215
4391_683_000,250211
4391_693_000,250211
4391_664_000,250224
4391_674_000,250224
4392_283_000,250211
4392_293_000,250211
4392_683_000,250211
4392_693_000,250211
4390_20K,250219
4390_20L,250219
4391_629_000,250307
4391_639_000,250307
4390_149_000,250306
4390_159_000,250306
4391_162_000,250305
4391_172_000,250305
4392_126_000,250304
4392_136_000,250304
4392_643_000,250227
4392_653_000,250227
4392_663_000,250226
4392_673_000,250226
4393_643_000,250312
4393_653_000,250312
4393_126_000,250314
4393_136_000,250314
4393_283_000,250328
4393_293_000,250328
4393_683_000,250331
4393_693_000,250331
4391_20K,250319
4391_20L,250319
4392_628_000,250414
4392_638_000,250414
4392_629_000,250414
4392_639_000,250414
4393_213_000,250327
4393_644_000,250410
4393_654_000,250410
4393_20K,250507
4393_20L,250507
4375_245_000,240627
4375_255_000,240627
4385_161_000,240626
4385_171_000,240626
4375_687_000,240626
4375_697_000,240626
4375_166_000,240709
4375_176_000,240709
4375_647_000,240702
4375_657_000,240702
4375_161_000,240718
4375_171_000,240718
2534_224_000,240716
2534_234_000,240716
2534_226_000,240716
2534_236_000,240716
4376_266_000,240729
4376_276_000,240729
4376_286_000,240730
4376_296_000,240730
4376_646_000,240812
4376_656_000,240812
4376_166_000,240817
4376_176_000,240817
3307_24A,240826
2534_40D,240831
2550_224_000,240905
2550_225_000,240905
4377_287_000,240923
4377_297_000,240923
4377_162_000,241002
4377_172_000,241002
4376_148_000,240923
4376_158_000,240923
4377_20J,241010
2550_66B,241028
2550_67B,241028
4388_149_000,250109
4388_159_000,250109
4390_126_000,241223
4390_136_000,241223
4390_643_000,241219
4390_653_000,241219
4390_283_000,250109
4390_293_000,250109
4390_683_000,250110
4390_693_000,250110
4391_283_000,250211
4391_293_000,250211
4390_664_000,250121
4390_674_000,250121
4390_162_000,250203
4390_172_000,250203
4389_20K,250130
4389_20L,250131
